model,split,epoch,accuracy
Xenova/all-MiniLM-L6-v2,train,0,0.5279858708381653
Xenova/all-MiniLM-L6-v2,val,0,0.3900311589241028
Xenova/all-MiniLM-L6-v2,test,0,0.5346153974533081
Xenova/all-MiniLM-L6-v2,train,1,0.7934087514877319
Xenova/all-MiniLM-L6-v2,val,1,0.3725856840610504
Xenova/all-MiniLM-L6-v2,test,1,0.5730769038200378
Xenova/all-MiniLM-L6-v2,train,2,0.8386218547821045
Xenova/all-MiniLM-L6-v2,val,2,0.38068535923957825
Xenova/all-MiniLM-L6-v2,test,2,0.571794867515564
Xenova/all-MiniLM-L6-v2,train,3,0.8613646030426025
Xenova/all-MiniLM-L6-v2,val,3,0.37196260690689087
Xenova/all-MiniLM-L6-v2,test,3,0.5429487228393555
Xenova/all-MiniLM-L6-v2,train,4,0.8781152367591858
Xenova/all-MiniLM-L6-v2,val,4,0.3657320737838745
Xenova/all-MiniLM-L6-v2,test,4,0.5108974575996399
Xenova/all-MiniLM-L6-v2,train,5,0.8925507664680481
Xenova/all-MiniLM-L6-v2,val,5,0.3626168370246887
Xenova/all-MiniLM-L6-v2,test,5,0.5051282048225403
Xenova/all-MiniLM-L6-v2,train,6,0.9027645587921143
Xenova/all-MiniLM-L6-v2,val,6,0.3725856840610504
Xenova/all-MiniLM-L6-v2,test,6,0.5108974575996399
Xenova/all-MiniLM-L6-v2,train,7,0.9105270504951477
Xenova/all-MiniLM-L6-v2,val,7,0.37632399797439575
Xenova/all-MiniLM-L6-v2,test,7,0.5230769515037537
Xenova/all-MiniLM-L6-v2,train,8,0.9170638918876648
Xenova/all-MiniLM-L6-v2,val,8,0.35638630390167236
Xenova/all-MiniLM-L6-v2,test,8,0.5057692527770996
Xenova/all-MiniLM-L6-v2,train,9,0.9227836728096008
Xenova/all-MiniLM-L6-v2,val,9,0.3632398843765259
Xenova/all-MiniLM-L6-v2,test,9,0.5128205418586731
Xenova/all-MiniLM-L6-v2,train,10,0.9286395907402039
Xenova/all-MiniLM-L6-v2,val,10,0.3601246178150177
Xenova/all-MiniLM-L6-v2,test,10,0.5185897350311279
Xenova/all-MiniLM-L6-v2,train,11,0.9325889348983765
Xenova/all-MiniLM-L6-v2,val,11,0.33831775188446045
Xenova/all-MiniLM-L6-v2,test,11,0.5032051205635071
Xenova/all-MiniLM-L6-v2,train,12,0.9343593120574951
Xenova/all-MiniLM-L6-v2,val,12,0.34953272342681885
Xenova/all-MiniLM-L6-v2,test,12,0.5102564096450806
Xenova/all-MiniLM-L6-v2,train,13,0.9417132139205933
Xenova/all-MiniLM-L6-v2,val,13,0.3570093512535095
Xenova/all-MiniLM-L6-v2,test,13,0.5160256624221802
Xenova/all-MiniLM-L6-v2,train,14,0.9463434815406799
Xenova/all-MiniLM-L6-v2,val,14,0.36822429299354553
Xenova/all-MiniLM-L6-v2,test,14,0.5108974575996399
Xenova/all-MiniLM-L6-v2,train,15,0.949884295463562
Xenova/all-MiniLM-L6-v2,val,15,0.36386293172836304
Xenova/all-MiniLM-L6-v2,test,15,0.5147435665130615
Xenova/all-MiniLM-L6-v2,train,16,0.9519270658493042
Xenova/all-MiniLM-L6-v2,val,16,0.35077881813049316
Xenova/all-MiniLM-L6-v2,test,16,0.5115384459495544
Xenova/all-MiniLM-L6-v2,train,17,0.955059289932251
Xenova/all-MiniLM-L6-v2,val,17,0.34641745686531067
Xenova/all-MiniLM-L6-v2,test,17,0.49935898184776306
Xenova/all-MiniLM-L6-v2,train,18,0.9569658637046814
Xenova/all-MiniLM-L6-v2,val,18,0.35950157046318054
Xenova/all-MiniLM-L6-v2,test,18,0.5083333253860474
Xenova/all-MiniLM-L6-v2,train,19,0.9607790112495422
Xenova/all-MiniLM-L6-v2,val,19,0.3470405042171478
Xenova/all-MiniLM-L6-v2,test,19,0.5083333253860474
Xenova/all-MiniLM-L6-v2,train,20,0.9640474319458008
Xenova/all-MiniLM-L6-v2,val,20,0.3489096462726593
Xenova/all-MiniLM-L6-v2,test,20,0.5147435665130615
Xenova/all-MiniLM-L6-v2,train,21,0.9645921587944031
Xenova/all-MiniLM-L6-v2,val,21,0.36074766516685486
Xenova/all-MiniLM-L6-v2,test,21,0.5185897350311279
Xenova/all-MiniLM-L6-v2,train,22,0.9671796560287476
Xenova/all-MiniLM-L6-v2,val,22,0.35950157046318054
Xenova/all-MiniLM-L6-v2,test,22,0.517307698726654
Xenova/all-MiniLM-L6-v2,train,23,0.9699033498764038
Xenova/all-MiniLM-L6-v2,val,23,0.3632398843765259
Xenova/all-MiniLM-L6-v2,test,23,0.5153846144676208
Xenova/all-MiniLM-L6-v2,train,24,0.9720823168754578
Xenova/all-MiniLM-L6-v2,val,24,0.35077881813049316
Xenova/all-MiniLM-L6-v2,test,24,0.5128205418586731
Xenova/all-MiniLM-L6-v2,train,25,0.9720823168754578
Xenova/all-MiniLM-L6-v2,val,25,0.3514018654823303
Xenova/all-MiniLM-L6-v2,test,25,0.5057692527770996
Xenova/all-MiniLM-L6-v2,train,26,0.9756230711936951
Xenova/all-MiniLM-L6-v2,val,26,0.34828659892082214
Xenova/all-MiniLM-L6-v2,test,26,0.5
Xenova/all-MiniLM-L6-v2,train,27,0.9769849181175232
Xenova/all-MiniLM-L6-v2,val,27,0.34953272342681885
Xenova/all-MiniLM-L6-v2,test,27,0.5019230842590332
Xenova/all-MiniLM-L6-v2,train,28,0.9788914918899536
Xenova/all-MiniLM-L6-v2,val,28,0.3532710373401642
Xenova/all-MiniLM-L6-v2,test,28,0.5064102411270142
Xenova/all-MiniLM-L6-v2,train,29,0.9803895354270935
Xenova/all-MiniLM-L6-v2,val,29,0.3532710373401642
Xenova/all-MiniLM-L6-v2,test,29,0.5076923370361328
Xenova/all-MiniLM-L12-v2,train,0,0.522402286529541
Xenova/all-MiniLM-L12-v2,val,0,0.3937694728374481
Xenova/all-MiniLM-L12-v2,test,0,0.5185897350311279
Xenova/all-MiniLM-L12-v2,train,1,0.7898679375648499
Xenova/all-MiniLM-L12-v2,val,1,0.38629284501075745
Xenova/all-MiniLM-L12-v2,test,1,0.5634615421295166
Xenova/all-MiniLM-L12-v2,train,2,0.841209352016449
Xenova/all-MiniLM-L12-v2,val,2,0.3601246178150177
Xenova/all-MiniLM-L12-v2,test,2,0.5307692289352417
Xenova/all-MiniLM-L12-v2,train,3,0.8672205209732056
Xenova/all-MiniLM-L12-v2,val,3,0.37071651220321655
Xenova/all-MiniLM-L12-v2,test,3,0.5269230604171753
Xenova/all-MiniLM-L12-v2,train,4,0.8794770836830139
Xenova/all-MiniLM-L12-v2,val,4,0.35514017939567566
Xenova/all-MiniLM-L12-v2,test,4,0.5057692527770996
Xenova/all-MiniLM-L12-v2,train,5,0.8910527229309082
Xenova/all-MiniLM-L12-v2,val,5,0.3601246178150177
Xenova/all-MiniLM-L12-v2,test,5,0.5083333253860474
Xenova/all-MiniLM-L12-v2,train,6,0.9018113017082214
Xenova/all-MiniLM-L12-v2,val,6,0.3376947045326233
Xenova/all-MiniLM-L12-v2,test,6,0.4891025722026825
Xenova/all-MiniLM-L12-v2,train,7,0.9088928699493408
Xenova/all-MiniLM-L12-v2,val,7,0.358878493309021
Xenova/all-MiniLM-L12-v2,test,7,0.5128205418586731
Xenova/all-MiniLM-L12-v2,train,8,0.916110634803772
Xenova/all-MiniLM-L12-v2,val,8,0.3470405042171478
Xenova/all-MiniLM-L12-v2,test,8,0.5019230842590332
Xenova/all-MiniLM-L12-v2,train,9,0.9218303561210632
Xenova/all-MiniLM-L12-v2,val,9,0.35825544595718384
Xenova/all-MiniLM-L12-v2,test,9,0.5205128192901611
Xenova/all-MiniLM-L12-v2,train,10,0.9260520935058594
Xenova/all-MiniLM-L12-v2,val,10,0.3713395595550537
Xenova/all-MiniLM-L12-v2,test,10,0.4980769157409668
Xenova/all-MiniLM-L12-v2,train,11,0.9328612685203552
Xenova/all-MiniLM-L12-v2,val,11,0.361370712518692
Xenova/all-MiniLM-L12-v2,test,11,0.5121794939041138
Xenova/all-MiniLM-L12-v2,train,12,0.9368106126785278
Xenova/all-MiniLM-L12-v2,val,12,0.3601246178150177
Xenova/all-MiniLM-L12-v2,test,12,0.5089743733406067
Xenova/all-MiniLM-L12-v2,train,13,0.9408961534500122
Xenova/all-MiniLM-L12-v2,val,13,0.36822429299354553
Xenova/all-MiniLM-L12-v2,test,13,0.5147435665130615
Xenova/all-MiniLM-L12-v2,train,14,0.947024405002594
Xenova/all-MiniLM-L12-v2,val,14,0.350155770778656
Xenova/all-MiniLM-L12-v2,test,14,0.5032051205635071
Xenova/all-MiniLM-L12-v2,train,15,0.9464796781539917
Xenova/all-MiniLM-L12-v2,val,15,0.35389408469200134
Xenova/all-MiniLM-L12-v2,test,15,0.5211538672447205
Xenova/all-MiniLM-L12-v2,train,16,0.9517908692359924
Xenova/all-MiniLM-L12-v2,val,16,0.3570093512535095
Xenova/all-MiniLM-L12-v2,test,16,0.5269230604171753
Xenova/all-MiniLM-L12-v2,train,17,0.9536974430084229
Xenova/all-MiniLM-L12-v2,val,17,0.35077881813049316
Xenova/all-MiniLM-L12-v2,test,17,0.5128205418586731
Xenova/all-MiniLM-L12-v2,train,18,0.9572382569313049
Xenova/all-MiniLM-L12-v2,val,18,0.34641745686531067
Xenova/all-MiniLM-L12-v2,test,18,0.5115384459495544
Xenova/all-MiniLM-L12-v2,train,19,0.9607790112495422
Xenova/all-MiniLM-L12-v2,val,19,0.3401869237422943
Xenova/all-MiniLM-L12-v2,test,19,0.5032051205635071
Xenova/all-MiniLM-L12-v2,train,20,0.963775098323822
Xenova/all-MiniLM-L12-v2,val,20,0.3532710373401642
Xenova/all-MiniLM-L12-v2,test,20,0.5198717713356018
Xenova/all-MiniLM-L12-v2,train,21,0.9635027050971985
Xenova/all-MiniLM-L12-v2,val,21,0.35264796018600464
Xenova/all-MiniLM-L12-v2,test,21,0.5096153616905212
Xenova/all-MiniLM-L12-v2,train,22,0.9675882458686829
Xenova/all-MiniLM-L12-v2,val,22,0.34392523765563965
Xenova/all-MiniLM-L12-v2,test,22,0.5089743733406067
Xenova/all-MiniLM-L12-v2,train,23,0.9699033498764038
Xenova/all-MiniLM-L12-v2,val,23,0.35389408469200134
Xenova/all-MiniLM-L12-v2,test,23,0.5134615302085876
Xenova/all-MiniLM-L12-v2,train,24,0.9704480767250061
Xenova/all-MiniLM-L12-v2,val,24,0.36386293172836304
Xenova/all-MiniLM-L12-v2,test,24,0.5211538672447205
Xenova/all-MiniLM-L12-v2,train,25,0.9733079671859741
Xenova/all-MiniLM-L12-v2,val,25,0.3532710373401642
Xenova/all-MiniLM-L12-v2,test,25,0.514102578163147
Xenova/all-MiniLM-L12-v2,train,26,0.9741250872612
Xenova/all-MiniLM-L12-v2,val,26,0.35514017939567566
Xenova/all-MiniLM-L12-v2,test,26,0.5205128192901611
Xenova/all-MiniLM-L12-v2,train,27,0.9784829616546631
Xenova/all-MiniLM-L12-v2,val,27,0.3576323986053467
Xenova/all-MiniLM-L12-v2,test,27,0.5243589878082275
Xenova/all-MiniLM-L12-v2,train,28,0.9791638851165771
Xenova/all-MiniLM-L12-v2,val,28,0.3433021903038025
Xenova/all-MiniLM-L12-v2,test,28,0.5096153616905212
Xenova/all-MiniLM-L12-v2,train,29,0.9812066555023193
Xenova/all-MiniLM-L12-v2,val,29,0.34953272342681885
Xenova/all-MiniLM-L12-v2,test,29,0.5153846144676208
Xenova/paraphrase-MiniLM-L3-v2,train,0,0.5072858929634094
Xenova/paraphrase-MiniLM-L3-v2,val,0,0.35077881813049316
Xenova/paraphrase-MiniLM-L3-v2,test,0,0.5352563858032227
Xenova/paraphrase-MiniLM-L3-v2,train,1,0.7742067575454712
Xenova/paraphrase-MiniLM-L3-v2,val,1,0.3570093512535095
Xenova/paraphrase-MiniLM-L3-v2,test,1,0.5775641202926636
Xenova/paraphrase-MiniLM-L3-v2,train,2,0.8270462155342102
Xenova/paraphrase-MiniLM-L3-v2,val,2,0.36822429299354553
Xenova/paraphrase-MiniLM-L3-v2,test,2,0.5692307949066162
Xenova/paraphrase-MiniLM-L3-v2,train,3,0.8568705320358276
Xenova/paraphrase-MiniLM-L3-v2,val,3,0.3401869237422943
Xenova/paraphrase-MiniLM-L3-v2,test,3,0.5326923131942749
Xenova/paraphrase-MiniLM-L3-v2,train,4,0.8717145919799805
Xenova/paraphrase-MiniLM-L3-v2,val,4,0.3320872187614441
Xenova/paraphrase-MiniLM-L3-v2,test,4,0.5230769515037537
Xenova/paraphrase-MiniLM-L3-v2,train,5,0.8871033787727356
Xenova/paraphrase-MiniLM-L3-v2,val,5,0.3308411240577698
Xenova/paraphrase-MiniLM-L3-v2,test,5,0.5160256624221802
Xenova/paraphrase-MiniLM-L3-v2,train,6,0.8966363072395325
Xenova/paraphrase-MiniLM-L3-v2,val,6,0.336448609828949
Xenova/paraphrase-MiniLM-L3-v2,test,6,0.517307698726654
Xenova/paraphrase-MiniLM-L3-v2,train,7,0.9063053727149963
Xenova/paraphrase-MiniLM-L3-v2,val,7,0.3420560657978058
Xenova/paraphrase-MiniLM-L3-v2,test,7,0.5198717713356018
Xenova/paraphrase-MiniLM-L3-v2,train,8,0.9114803671836853
Xenova/paraphrase-MiniLM-L3-v2,val,8,0.33146417140960693
Xenova/paraphrase-MiniLM-L3-v2,test,8,0.5128205418586731
Xenova/paraphrase-MiniLM-L3-v2,train,9,0.919106662273407
Xenova/paraphrase-MiniLM-L3-v2,val,9,0.33520248532295227
Xenova/paraphrase-MiniLM-L3-v2,test,9,0.5205128192901611
Xenova/paraphrase-MiniLM-L3-v2,train,10,0.9238731265068054
Xenova/paraphrase-MiniLM-L3-v2,val,10,0.3264797627925873
Xenova/paraphrase-MiniLM-L3-v2,test,10,0.5153846144676208
Xenova/paraphrase-MiniLM-L3-v2,train,11,0.9294566512107849
Xenova/paraphrase-MiniLM-L3-v2,val,11,0.34517133235931396
Xenova/paraphrase-MiniLM-L3-v2,test,11,0.5134615302085876
Xenova/paraphrase-MiniLM-L3-v2,train,12,0.9323165416717529
Xenova/paraphrase-MiniLM-L3-v2,val,12,0.34828659892082214
Xenova/paraphrase-MiniLM-L3-v2,test,12,0.5153846144676208
Xenova/paraphrase-MiniLM-L3-v2,train,13,0.9373553395271301
Xenova/paraphrase-MiniLM-L3-v2,val,13,0.33520248532295227
Xenova/paraphrase-MiniLM-L3-v2,test,13,0.5070512890815735
Xenova/paraphrase-MiniLM-L3-v2,train,14,0.9399428367614746
Xenova/paraphrase-MiniLM-L3-v2,val,14,0.33956387639045715
Xenova/paraphrase-MiniLM-L3-v2,test,14,0.504487156867981
Xenova/paraphrase-MiniLM-L3-v2,train,15,0.9457987546920776
Xenova/paraphrase-MiniLM-L3-v2,val,15,0.336448609828949
Xenova/paraphrase-MiniLM-L3-v2,test,15,0.5012820363044739
Xenova/paraphrase-MiniLM-L3-v2,train,16,0.9490671753883362
Xenova/paraphrase-MiniLM-L3-v2,val,16,0.34517133235931396
Xenova/paraphrase-MiniLM-L3-v2,test,16,0.5128205418586731
Xenova/paraphrase-MiniLM-L3-v2,train,17,0.9504290223121643
Xenova/paraphrase-MiniLM-L3-v2,val,17,0.33146417140960693
Xenova/paraphrase-MiniLM-L3-v2,test,17,0.504487156867981
Xenova/paraphrase-MiniLM-L3-v2,train,18,0.9538336396217346
Xenova/paraphrase-MiniLM-L3-v2,val,18,0.3420560657978058
Xenova/paraphrase-MiniLM-L3-v2,test,18,0.514102578163147
Xenova/paraphrase-MiniLM-L3-v2,train,19,0.958055317401886
Xenova/paraphrase-MiniLM-L3-v2,val,19,0.32959502935409546
Xenova/paraphrase-MiniLM-L3-v2,test,19,0.5064102411270142
Xenova/paraphrase-MiniLM-L3-v2,train,20,0.9599618911743164
Xenova/paraphrase-MiniLM-L3-v2,val,20,0.3376947045326233
Xenova/paraphrase-MiniLM-L3-v2,test,20,0.5038461685180664
Xenova/paraphrase-MiniLM-L3-v2,train,21,0.9629579782485962
Xenova/paraphrase-MiniLM-L3-v2,val,21,0.3302180767059326
Xenova/paraphrase-MiniLM-L3-v2,test,21,0.5012820363044739
Xenova/paraphrase-MiniLM-L3-v2,train,22,0.9677243828773499
Xenova/paraphrase-MiniLM-L3-v2,val,22,0.33707165718078613
Xenova/paraphrase-MiniLM-L3-v2,test,22,0.5012820363044739
Xenova/paraphrase-MiniLM-L3-v2,train,23,0.9684053063392639
Xenova/paraphrase-MiniLM-L3-v2,val,23,0.3345794379711151
Xenova/paraphrase-MiniLM-L3-v2,test,23,0.49871793389320374
Xenova/paraphrase-MiniLM-L3-v2,train,24,0.9707204699516296
Xenova/paraphrase-MiniLM-L3-v2,val,24,0.3277258574962616
Xenova/paraphrase-MiniLM-L3-v2,test,24,0.49935898184776306
Xenova/paraphrase-MiniLM-L3-v2,train,25,0.9757592678070068
Xenova/paraphrase-MiniLM-L3-v2,val,25,0.3401869237422943
Xenova/paraphrase-MiniLM-L3-v2,test,25,0.5083333253860474
Xenova/paraphrase-MiniLM-L3-v2,train,26,0.974942147731781
Xenova/paraphrase-MiniLM-L3-v2,val,26,0.32834890484809875
Xenova/paraphrase-MiniLM-L3-v2,test,26,0.5019230842590332
Xenova/paraphrase-MiniLM-L3-v2,train,27,0.9767125844955444
Xenova/paraphrase-MiniLM-L3-v2,val,27,0.32959502935409546
Xenova/paraphrase-MiniLM-L3-v2,test,27,0.5006410479545593
Xenova/paraphrase-MiniLM-L3-v2,train,28,0.9794362187385559
Xenova/paraphrase-MiniLM-L3-v2,val,28,0.3345794379711151
Xenova/paraphrase-MiniLM-L3-v2,test,28,0.5089743733406067
Xenova/paraphrase-MiniLM-L3-v2,train,29,0.9797086119651794
Xenova/paraphrase-MiniLM-L3-v2,val,29,0.33395639061927795
Xenova/paraphrase-MiniLM-L3-v2,test,29,0.49935898184776306
Xenova/all-mpnet-base-v2,train,0,0.5563121438026428
Xenova/all-mpnet-base-v2,val,0,0.3769470453262329
Xenova/all-mpnet-base-v2,test,0,0.5333333611488342
Xenova/all-mpnet-base-v2,train,1,0.8004903197288513
Xenova/all-mpnet-base-v2,val,1,0.3825545310974121
Xenova/all-mpnet-base-v2,test,1,0.5423076748847961
Xenova/all-mpnet-base-v2,train,2,0.8523764610290527
Xenova/all-mpnet-base-v2,val,2,0.3869158923625946
Xenova/all-mpnet-base-v2,test,2,0.5378205180168152
Xenova/all-mpnet-base-v2,train,3,0.8763448596000671
Xenova/all-mpnet-base-v2,val,3,0.3769470453262329
Xenova/all-mpnet-base-v2,test,3,0.5153846144676208
Xenova/all-mpnet-base-v2,train,4,0.8932316899299622
Xenova/all-mpnet-base-v2,val,4,0.3769470453262329
Xenova/all-mpnet-base-v2,test,4,0.5262820720672607
Xenova/all-mpnet-base-v2,train,5,0.9026284217834473
Xenova/all-mpnet-base-v2,val,5,0.36635515093803406
Xenova/all-mpnet-base-v2,test,5,0.5089743733406067
Xenova/all-mpnet-base-v2,train,6,0.9129784107208252
Xenova/all-mpnet-base-v2,val,6,0.3644859790802002
Xenova/all-mpnet-base-v2,test,6,0.5147435665130615
Xenova/all-mpnet-base-v2,train,7,0.9207409024238586
Xenova/all-mpnet-base-v2,val,7,0.34828659892082214
Xenova/all-mpnet-base-v2,test,7,0.504487156867981
Xenova/all-mpnet-base-v2,train,8,0.9267330169677734
Xenova/all-mpnet-base-v2,val,8,0.3532710373401642
Xenova/all-mpnet-base-v2,test,8,0.504487156867981
Xenova/all-mpnet-base-v2,train,9,0.935176432132721
Xenova/all-mpnet-base-v2,val,9,0.3320872187614441
Xenova/all-mpnet-base-v2,test,9,0.4871794879436493
Xenova/all-mpnet-base-v2,train,10,0.9384448528289795
Xenova/all-mpnet-base-v2,val,10,0.35389408469200134
Xenova/all-mpnet-base-v2,test,10,0.5083333253860474
Xenova/all-mpnet-base-v2,train,11,0.9430750608444214
Xenova/all-mpnet-base-v2,val,11,0.3376947045326233
Xenova/all-mpnet-base-v2,test,11,0.504487156867981
Xenova/all-mpnet-base-v2,train,12,0.9490671753883362
Xenova/all-mpnet-base-v2,val,12,0.3376947045326233
Xenova/all-mpnet-base-v2,test,12,0.5057692527770996
Xenova/all-mpnet-base-v2,train,13,0.9523355960845947
Xenova/all-mpnet-base-v2,val,13,0.3514018654823303
Xenova/all-mpnet-base-v2,test,13,0.5108974575996399
Xenova/all-mpnet-base-v2,train,14,0.958055317401886
Xenova/all-mpnet-base-v2,val,14,0.35638630390167236
Xenova/all-mpnet-base-v2,test,14,0.5051282048225403
Xenova/all-mpnet-base-v2,train,15,0.9622770547866821
Xenova/all-mpnet-base-v2,val,15,0.3376947045326233
Xenova/all-mpnet-base-v2,test,15,0.5096153616905212
Xenova/all-mpnet-base-v2,train,16,0.9654092788696289
Xenova/all-mpnet-base-v2,val,16,0.34953272342681885
Xenova/all-mpnet-base-v2,test,16,0.5089743733406067
Xenova/all-mpnet-base-v2,train,17,0.9684053063392639
Xenova/all-mpnet-base-v2,val,17,0.3470405042171478
Xenova/all-mpnet-base-v2,test,17,0.5147435665130615
Xenova/all-mpnet-base-v2,train,18,0.9727632403373718
Xenova/all-mpnet-base-v2,val,18,0.3345794379711151
Xenova/all-mpnet-base-v2,test,18,0.5089743733406067
Xenova/all-mpnet-base-v2,train,19,0.9753507375717163
Xenova/all-mpnet-base-v2,val,19,0.3470405042171478
Xenova/all-mpnet-base-v2,test,19,0.517307698726654
Xenova/all-mpnet-base-v2,train,20,0.9752145409584045
Xenova/all-mpnet-base-v2,val,20,0.34267911314964294
Xenova/all-mpnet-base-v2,test,20,0.5192307829856873
Xenova/all-mpnet-base-v2,train,21,0.9795724153518677
Xenova/all-mpnet-base-v2,val,21,0.3445482850074768
Xenova/all-mpnet-base-v2,test,21,0.517307698726654
Xenova/all-mpnet-base-v2,train,22,0.9812066555023193
Xenova/all-mpnet-base-v2,val,22,0.35264796018600464
Xenova/all-mpnet-base-v2,test,22,0.5121794939041138
Xenova/all-mpnet-base-v2,train,23,0.9825685024261475
Xenova/all-mpnet-base-v2,val,23,0.33271026611328125
Xenova/all-mpnet-base-v2,test,23,0.5083333253860474
Xenova/all-mpnet-base-v2,train,24,0.9867901802062988
Xenova/all-mpnet-base-v2,val,24,0.34517133235931396
Xenova/all-mpnet-base-v2,test,24,0.5160256624221802
Xenova/all-mpnet-base-v2,train,25,0.9865178465843201
Xenova/all-mpnet-base-v2,val,25,0.34517133235931396
Xenova/all-mpnet-base-v2,test,25,0.521794855594635
Xenova/all-mpnet-base-v2,train,26,0.9871987700462341
Xenova/all-mpnet-base-v2,val,26,0.3376947045326233
Xenova/all-mpnet-base-v2,test,26,0.5032051205635071
Xenova/all-mpnet-base-v2,train,27,0.9886967539787292
Xenova/all-mpnet-base-v2,val,27,0.34267911314964294
Xenova/all-mpnet-base-v2,test,27,0.5153846144676208
Xenova/all-mpnet-base-v2,train,28,0.9897862672805786
Xenova/all-mpnet-base-v2,val,28,0.3470405042171478
Xenova/all-mpnet-base-v2,test,28,0.521794855594635
Xenova/all-mpnet-base-v2,train,29,0.9912842512130737
Xenova/all-mpnet-base-v2,val,29,0.3489096462726593
Xenova/all-mpnet-base-v2,test,29,0.5179487466812134
Xenova/bge-small-en-v1.5,train,0,0.4359253942966461
Xenova/bge-small-en-v1.5,val,0,0.35825544595718384
Xenova/bge-small-en-v1.5,test,0,0.4724358916282654
Xenova/bge-small-en-v1.5,train,1,0.7401607632637024
Xenova/bge-small-en-v1.5,val,1,0.3881619870662689
Xenova/bge-small-en-v1.5,test,1,0.5301281809806824
Xenova/bge-small-en-v1.5,train,2,0.8211902976036072
Xenova/bge-small-en-v1.5,val,2,0.40747663378715515
Xenova/bge-small-en-v1.5,test,2,0.5596153736114502
Xenova/bge-small-en-v1.5,train,3,0.8549639582633972
Xenova/bge-small-en-v1.5,val,3,0.36510902643203735
Xenova/bge-small-en-v1.5,test,3,0.5365384817123413
Xenova/bge-small-en-v1.5,train,4,0.8680376410484314
Xenova/bge-small-en-v1.5,val,4,0.38068535923957825
Xenova/bge-small-en-v1.5,test,4,0.5538461804389954
Xenova/bge-small-en-v1.5,train,5,0.8812475204467773
Xenova/bge-small-en-v1.5,val,5,0.3713395595550537
Xenova/bge-small-en-v1.5,test,5,0.528205156326294
Xenova/bge-small-en-v1.5,train,6,0.8926869630813599
Xenova/bge-small-en-v1.5,val,6,0.3532710373401642
Xenova/bge-small-en-v1.5,test,6,0.5006410479545593
Xenova/bge-small-en-v1.5,train,7,0.9023560285568237
Xenova/bge-small-en-v1.5,val,7,0.361370712518692
Xenova/bge-small-en-v1.5,test,7,0.514102578163147
Xenova/bge-small-en-v1.5,train,8,0.9118888974189758
Xenova/bge-small-en-v1.5,val,8,0.35825544595718384
Xenova/bge-small-en-v1.5,test,8,0.5179487466812134
Xenova/bge-small-en-v1.5,train,9,0.916110634803772
Xenova/bge-small-en-v1.5,val,9,0.34267911314964294
Xenova/bge-small-en-v1.5,test,9,0.5070512890815735
Xenova/bge-small-en-v1.5,train,10,0.9222388863563538
Xenova/bge-small-en-v1.5,val,10,0.35514017939567566
Xenova/bge-small-en-v1.5,test,10,0.5121794939041138
Xenova/bge-small-en-v1.5,train,11,0.9283671975135803
Xenova/bge-small-en-v1.5,val,11,0.35077881813049316
Xenova/bge-small-en-v1.5,test,11,0.5070512890815735
Xenova/bge-small-en-v1.5,train,12,0.930818498134613
Xenova/bge-small-en-v1.5,val,12,0.35389408469200134
Xenova/bge-small-en-v1.5,test,12,0.5121794939041138
Xenova/bge-small-en-v1.5,train,13,0.9347678422927856
Xenova/bge-small-en-v1.5,val,13,0.35264796018600464
Xenova/bge-small-en-v1.5,test,13,0.5102564096450806
Xenova/bge-small-en-v1.5,train,14,0.9369468092918396
Xenova/bge-small-en-v1.5,val,14,0.35638630390167236
Xenova/bge-small-en-v1.5,test,14,0.5179487466812134
Xenova/bge-small-en-v1.5,train,15,0.9423941373825073
Xenova/bge-small-en-v1.5,val,15,0.336448609828949
Xenova/bge-small-en-v1.5,test,15,0.5012820363044739
Xenova/bge-small-en-v1.5,train,16,0.9443007707595825
Xenova/bge-small-en-v1.5,val,16,0.3445482850074768
Xenova/bge-small-en-v1.5,test,16,0.5064102411270142
Xenova/bge-small-en-v1.5,train,17,0.9475691318511963
Xenova/bge-small-en-v1.5,val,17,0.361370712518692
Xenova/bge-small-en-v1.5,test,17,0.5237179398536682
Xenova/bge-small-en-v1.5,train,18,0.9494757652282715
Xenova/bge-small-en-v1.5,val,18,0.3420560657978058
Xenova/bge-small-en-v1.5,test,18,0.5070512890815735
Xenova/bge-small-en-v1.5,train,19,0.9553316831588745
Xenova/bge-small-en-v1.5,val,19,0.3532710373401642
Xenova/bge-small-en-v1.5,test,19,0.5243589878082275
Xenova/bge-small-en-v1.5,train,20,0.9539698362350464
Xenova/bge-small-en-v1.5,val,20,0.36074766516685486
Xenova/bge-small-en-v1.5,test,20,0.5262820720672607
Xenova/bge-small-en-v1.5,train,21,0.9553316831588745
Xenova/bge-small-en-v1.5,val,21,0.35389408469200134
Xenova/bge-small-en-v1.5,test,21,0.5333333611488342
Xenova/bge-small-en-v1.5,train,22,0.9596895575523376
Xenova/bge-small-en-v1.5,val,22,0.347663551568985
Xenova/bge-small-en-v1.5,test,22,0.5192307829856873
Xenova/bge-small-en-v1.5,train,23,0.9617323279380798
Xenova/bge-small-en-v1.5,val,23,0.35389408469200134
Xenova/bge-small-en-v1.5,test,23,0.5134615302085876
Xenova/bge-small-en-v1.5,train,24,0.9600980877876282
Xenova/bge-small-en-v1.5,val,24,0.3514018654823303
Xenova/bge-small-en-v1.5,test,24,0.5160256624221802
Xenova/bge-small-en-v1.5,train,25,0.9662263989448547
Xenova/bge-small-en-v1.5,val,25,0.3619937598705292
Xenova/bge-small-en-v1.5,test,25,0.5198717713356018
Xenova/bge-small-en-v1.5,train,26,0.966771125793457
Xenova/bge-small-en-v1.5,val,26,0.3514018654823303
Xenova/bge-small-en-v1.5,test,26,0.5051282048225403
Xenova/bge-small-en-v1.5,train,27,0.969086229801178
Xenova/bge-small-en-v1.5,val,27,0.35950157046318054
Xenova/bge-small-en-v1.5,test,27,0.5211538672447205
Xenova/bge-small-en-v1.5,train,28,0.9715375900268555
Xenova/bge-small-en-v1.5,val,28,0.35077881813049316
Xenova/bge-small-en-v1.5,test,28,0.5153846144676208
Xenova/bge-small-en-v1.5,train,29,0.971946120262146
Xenova/bge-small-en-v1.5,val,29,0.33520248532295227
Xenova/bge-small-en-v1.5,test,29,0.49038460850715637
